<?xml version="1.0" encoding="UTF-8"?>
<project-private xmlns="http://www.netbeans.org/ns/project-private/1">
    <editor-bookmarks xmlns="http://www.netbeans.org/ns/editor-bookmarks/2" lastBookmarkId="0"/>
    <open-files xmlns="http://www.netbeans.org/ns/projectui-open-files/2">
        <group>
            <file>file:/C:/Users/Umang%20Vadukar/Documents/NetBeansProjects/BMS/web/index.html</file>
            <file>file:/C:/Users/Umang%20Vadukar/Documents/NetBeansProjects/BMS/web/update.jsp</file>
            <file>file:/C:/Users/Umang%20Vadukar/Documents/NetBeansProjects/BMS/src/java/operation.java</file>
            <file>file:/C:/Users/Umang%20Vadukar/Documents/NetBeansProjects/BMS/web/search.jsp</file>
            <file>file:/C:/Users/Umang%20Vadukar/Documents/NetBeansProjects/BMS/web/add.jsp</file>
            <file>file:/C:/Users/Umang%20Vadukar/Documents/NetBeansProjects/BMS/web/delete.jsp</file>
        </group>
    </open-files>
</project-private>
